metric,sa_score,qed,fs_score,success_rate
mean,7.391613604260078,0.4689909512483132,3.0113563144329896,97.0
median,7.468522038012291,0.4658086137119594,2.765625,
min,5.18429741539642,0.2752294914576493,-2.46875,
max,8.631388330331504,0.6370448180759507,12.75,
count,97.0,97.0,97.0,97/100
